Item,$AQ_​INDEX,$ROCK_​COMP,$POVOMULT,$PERM_​2,$PERM_​1,$KRWMAX,PWS1,PWS2,PWS3,PWS4,PWS5,OIL_CUM,WATER_CUM,WC1,WC2,PWFEND
BU_MACH5_103,0.46750792,1.58E-06,0.14771041,0.042515149,0.137435356,0.554088336,1079.727905,125.7625961,216.397522,1023.888672,1.21E+03,1860564.125,4842594.5,0.490936428,0.901974499,795.4842529
BU_MACH5_104,0.391045625,6.07E-06,0.207435286,0.048781631,0.175006473,0.674199423,1002.79834,107.4879837,134.8648987,715.4383545,6.43E+02,1874907,5064577.5,0.352216989,0.907889783,391.1054382
BU_MACH5_105,0.392800073,2.57E-06,0.492178289,0.062458324,0.13850455,0.50267449,1004.863342,95.29922485,139.6702423,634.5322876,1.78E+03,1936104.875,3867279.25,0.24854368,0.891466022,1756.255127
BU_MACH5_106,0.365056673,4.87E-06,0.313168188,0.045052052,0.140639671,0.550412458,998.0689697,106.0620041,125.9500351,747.175415,1.18E+03,1927698.875,4444894,0.213071212,0.899582326,981.8640747
BU_MACH5_107,0.345857845,4.40E-06,0.251124302,0.050092871,0.16570502,0.455192801,876.9417114,69.85111237,74.86363983,675.6676025,1.45E+03,1925009,4182571.25,0.075120032,0.895691216,1276.547852
BU_MACH5_108,0.670348582,4.18E-06,0.101228858,0.067174194,0.193570348,0.468166677,1338.470459,176.3952484,582.5045776,1278.064697,1.46E+03,1940897.75,4558817.5,0.47485134,0.895471632,1295.922363
BU_MACH5_109,0.331371563,9.03E-06,0.727247291,0.052759508,0.197819868,0.577157506,1336.826904,476.7818298,506.5890808,1178.653442,1.16E+03,1953384,4.24E+06,1.29E-05,0.898247421,1075.184814
BU_MACH5_110,0.377284463,1.65E-06,0.270940672,0.061443742,0.136396411,0.670626469,808.3139648,73.27250671,95.00479889,460.2778931,1.33E+03,1875186.875,4451417.5,0.409412205,0.897748232,1243.907227
BU_MACH5_111,0.489199622,1.22E-06,0.391879666,0.068936583,0.134657253,0.57760979,1121.518555,118.7036667,222.3018646,698.3886108,1.66E+03,1918028.5,4168708.75,0.44787094,0.892371893,1627.829956
BU_MACH5_112,0.680692892,3.90E-06,0.710714835,0.06847322,0.139655629,0.692094867,1425.367432,393.2171631,683.8637695,993.6939087,1.41E+03,1953384,4510873,0.417033494,0.896969795,1309.09082
BU_MACH5_113,0.58589349,2.36E-06,0.285620777,0.059612394,0.179210596,0.600765633,1267.951416,151.9682007,403.2538757,863.8322754,1.06E+03,1917553.875,5152792,0.504531682,0.904371798,781.1398315
BU_MACH5_114,0.629061068,2.80E-06,0.144062563,0.049013898,0.149966952,0.546831721,1332.345215,187.0762024,536.0013428,1230.676758,1.23E+03,1904575.625,5003921.5,0.531185508,0.902213156,860.7699585
BU_MACH5_115,0.523818476,4.97E-06,0.583576067,0.045303464,0.132469622,0.485781045,1318.643799,336.1967468,512.3675537,1170.64502,1.56E+03,1953383.875,4161785,0.208831489,0.894607008,1293.423828
BU_MACH5_116,0.403061007,8.35E-06,0.304066286,0.06784893,0.150490216,0.656092868,1183.985107,189.3756104,252.9395905,792.3297119,1.34E+03,1953284.375,4240277,0.182611704,0.896469474,1354.039429
BU_MACH5_117,0.699905637,5.44E-06,0.971365184,0.066931077,0.192961119,0.681620914,1504.189453,690.4712524,874.1560059,1303.469116,1.23E+03,1953383.875,4771920,0.298485398,0.901782274,1078.521973
BU_MACH5_118,0.552308847,6.42E-06,0.523077456,0.044096039,0.182644478,0.488066958,1352.217163,429.7989502,599.8709717,1248.207275,1.16E+03,1953384,4697519,0.187390581,0.902267218,843.486145
BU_MACH5_119,0.472323984,5.24E-06,0.112860164,0.05491576,0.183973745,0.513626209,1036.109741,118.386467,207.344101,882.4388428,1.14E+03,1918081.375,4760352.5,0.396453738,0.901354194,920.3041992
BU_MACH5_120,0.632491836,4.28E-06,0.686008301,0.06261612,0.151895386,0.491542024,1399.620361,439.2868347,671.2868042,1152.761841,1.70E+03,1953384,3980949.75,0.284855992,0.891843796,1581.314087
BU_MACH5_121,0.529682546,5.41E-06,0.954804987,0.054476357,0.142509122,0.542406461,1413.449951,584.9979858,703.2801514,1281.869629,1.63E+03,1953384,3987708.75,0.007374364,0.893277526,1467.976929
BU_MACH5_122,0.372026002,6.99E-06,0.225009003,0.064942015,0.189561333,0.509550539,1024.06604,105.2527618,125.5137863,715.0330811,1.41E+03,1942785.375,4202053,0.123616613,0.895815551,1361.5177
BU_MACH5_123,0.380255257,6.00E-06,0.63416718,0.060764931,0.146086413,0.529437468,1247.128906,300.703186,346.989624,1005.214172,1.72E+03,1953384,3.80E+06,9.95E-06,0.89200902,1671.966675
BU_MACH5_124,0.544770165,9.58E-06,0.466223121,0.060309415,0.157030015,0.617976394,1397.319824,561.0244751,677.2495728,1127.959595,1.40E+03,1953384,4300753,0.162530646,0.897323608,1288.984863
BU_MACH5_125,0.540670064,3.49E-06,0.271433424,0.055867626,0.138000534,0.665038759,1190.406982,145.9479828,330.6179199,751.196228,1.11E+03,1922231.25,4930171,0.489927888,0.902110994,912.6956177
BU_MACH5_126,0.5194785,7.80E-06,0.367258003,0.055174139,0.15126191,0.477726295,1303.320679,375.377594,509.9927063,1124.269409,1.63E+03,1953384,4033449,0.142292261,0.893104613,1476.256836
BU_MACH5_127,0.361003937,9.00E-06,0.915149449,0.055492834,0.167977847,0.521051515,1400.590942,632.3423462,661.8409424,1260.947876,1.64E+03,1953384,3.76E+06,1.06E-05,0.892470598,1536.050171
BU_MACH5_128,0.484152104,6.23E-06,0.226686666,0.042926994,0.194622922,0.556628239,1152.52002,173.4590454,302.6941528,1006.377319,7.69E+02,1882795.875,5195707,0.352981955,0.908675969,365.4852905
BU_MACH5_129,0.660804346,4.13E-06,0.963027131,0.059488949,0.160080111,0.635344478,1458.391846,536.0983276,768.4640503,1233.115967,1.33E+03,1953384,4586546.5,0.325523108,0.899420798,1161.413086
BU_MACH5_130,0.598743126,2.92E-06,0.169887265,0.040254195,0.158068532,0.47279664,1280.764038,208.0640411,500.228302,1340.410278,1.18E+03,1899712.125,5012226.5,0.490211725,0.903505743,680.1138306
BU_MACH5_131,0.308684469,1.47E-06,0.979950438,0.064522004,0.162961888,0.498566393,951.2231445,92.28917694,106.4527588,598.5923462,1.77E+03,1947187.5,3.78E+06,5.21E-06,0.891850173,1792.541626
BU_MACH5_132,0.483257546,5.60E-06,0.339469161,0.056127378,0.133240184,0.608840678,1195.669678,164.2674408,312.3105774,797.8162842,1.37E+03,1947318.25,4397628,0.323748767,0.897093654,1245.851196
BU_MACH5_133,0.549337687,9.26E-06,0.161367382,0.05623643,0.197976885,0.583132572,1235.318481,219.5298004,414.432312,986.4649048,8.64E+02,1952069.125,5142194.5,0.346443772,0.906796336,635.0060425
BU_MACH5_134,0.446728477,2.02E-06,0.799070406,0.047728953,0.176861888,0.622567217,1184.622681,165.983139,274.6325073,913.2438354,7.83E+02,1921759.25,5065435,0.342415065,0.907094419,490.1428223
BU_MACH5_135,0.358573809,7.30E-06,0.713983642,0.044556819,0.147742128,0.500616779,1292.120605,381.9265442,434.510376,1155.705688,1.50E+03,1953384,3.98E+06,1.03E-05,0.895216763,1285.349731
BU_MACH5_136,0.608248909,4.49E-06,0.802028016,0.058813388,0.18368417,0.693803217,1409.221802,434.5827026,666.1583252,1151.570313,9.67E+02,1953384,5102926,0.342611879,0.906352639,749.506897
BU_MACH5_137,0.557799005,1.87E-06,0.177488113,0.049503674,0.149394723,0.669302957,1266.775024,140.9080963,364.692627,914.371521,9.54E+02,1862263.125,5365865,0.557860911,0.907904506,513.3375854
BU_MACH5_138,0.652795434,7.57E-06,0.421988617,0.053761336,0.140448024,0.530184332,1401.806885,500.6022339,716.1530151,1162.517456,1.54E+03,1953384,4238390.5,0.289968073,0.894816995,1342.267944
BU_MACH5_139,0.412746849,7.61E-06,0.354366802,0.059027436,0.180198355,0.523975875,1200.935059,228.5602112,295.612915,932.8754272,1.36E+03,1953330.375,4243274.5,0.000858635,0.896753371,1273.018311
BU_MACH5_140,0.688427137,7.08E-06,0.851529252,0.069587899,0.160671395,0.463810312,1508.967896,814.4177246,919.5201416,1411.702637,1.88E+03,1953383.875,3636307.25,0.000295023,0.889645338,1752.724609
BU_MACH5_141,0.525710257,4.03E-06,0.866838618,0.05985215,0.186165947,0.625381329,1355.365601,376.3191833,556.1986084,1124.289551,1.14E+03,1953384,4691363.5,0.259962201,0.901531696,996.7907715
BU_MACH5_142,0.590106265,2.33E-06,0.754955382,0.046106708,0.174033753,0.477092044,1349.451782,264.8129272,537.3214111,1121.677368,1.25E+03,1949497.75,4735895,0.345533997,0.90109694,903.7116089
BU_MACH5_143,0.350532304,3.07E-06,0.988671651,0.064298352,0.178448024,0.539996643,1181.388062,208.5310516,245.1776886,908.9484863,1.54E+03,1953384,3.97E+06,7.19E-06,0.893749774,1517.785767
BU_MACH5_144,0.32736375,8.46E-06,0.507221229,0.063715546,0.196185922,0.65399823,1246.230957,300.4709473,307.1349487,872.5841675,1.05E+03,1953384,4.33E+06,1.55E-05,0.899366319,1058.938965
BU_MACH5_145,0.695687368,8.28E-06,0.745282174,0.04356346,0.187879022,0.599622639,1493.00647,747.0617676,920.1309814,1405.503662,1.01E+03,1953384,5169342,0.228542864,0.907924533,620.8656616
BU_MACH5_146,0.640823389,2.83E-06,0.445051546,0.052943709,0.154182226,0.586286355,1342.411011,225.5372772,535.7666016,939.5413818,1.16E+03,1943925.125,5016251,0.46629858,0.902728736,867.2296753
BU_MACH5_147,0.677412519,6.84E-06,0.813143223,0.041613511,0.172366845,0.45766068,1478.764282,735.3740234,889.6506348,1455.015747,1.40E+03,1953384,4453631,0.104565568,0.899021983,1025.709351
BU_MACH5_148,0.650698202,1.80E-06,0.4704008,0.065274975,0.165255266,0.559762261,1347.428467,197.8220673,515.9285889,965.4107056,1.38E+03,1944481.375,4690854.5,0.476467639,0.897380829,1208.286621
BU_MACH5_149,0.562547319,4.52E-06,0.593328379,0.065920222,0.157738069,0.610070574,1331.769897,306.2385559,521.7123413,971.0787964,1.42E+03,1953384,4372851.5,0.327705353,0.896456599,1330.235474
BU_MACH5_150,0.647286477,7.31E-06,0.21105182,0.044418873,0.17597084,0.507196265,1323.229614,290.538147,585.0481567,1099.812744,1.00E+03,1950506.5,5161010,0.381085396,0.906187892,609.8345337
BU_MACH5_151,0.615996094,9.38E-06,0.402049471,0.057299857,0.143302692,0.639248711,1408.483398,537.7983398,709.4586182,1162.339233,1.35E+03,1953384,4477682.5,0.28194505,0.898639143,1203.193481
BU_MACH5_152,0.307724967,8.89E-06,0.937994842,0.047435746,0.198745503,0.651307718,1358.514771,549.1968994,572.2497559,1192.647705,8.87E+02,1953384,4.49E+06,1.37E-05,0.901118219,749.1245728
BU_MACH5_153,0.469049471,8.52E-06,0.878508652,0.040612699,0.148665072,0.621217689,1408.726196,668.3760376,749.4865723,1312.558838,1.14E+03,1953384,4.56E+06,1.18E-05,0.901349008,871.4638672
BU_MACH5_154,0.511289895,1.33E-06,0.438921812,0.04681457,0.171722965,0.614768517,1191.45166,150.1439667,308.6203003,838.6034546,8.78E+02,1863095,5268436.5,0.493234932,0.908259392,447.1576843
BU_MACH5_155,0.656682882,9.37E-06,0.607309458,0.064601035,0.189367849,0.588398312,1482.468018,759.8925781,870.322998,1327.369385,1.42E+03,1953384,4375591,0.172283977,0.897758424,1283.302124
BU_MACH5_156,0.425893735,5.90E-06,0.628294809,0.048644572,0.174622816,0.616038163,1278.346558,298.3805542,409.9306641,1053.273926,9.27E+02,1953384,4738199.5,0.088265873,0.903926253,737.097168
BU_MACH5_157,0.342893887,9.92E-06,0.539301737,0.067317689,0.191502969,0.644653539,1321.222412,442.3473816,446.9515076,1003.33136,1.27E+03,1953384,4.14E+06,1.58E-05,0.896895707,1277.89209
BU_MACH5_158,0.637586962,1.12E-06,0.254670522,0.041999518,0.180735698,0.581584445,1425.755493,207.5328522,569.7664795,1203.645508,1.01E+03,1813817.375,5559755.5,0.568697333,0.910968184,309.4145508
BU_MACH5_159,0.571652333,9.76E-06,0.32806473,0.042163375,0.155943196,0.451565905,1356.289551,502.271759,641.9692993,1239.951782,1.41E+03,1953384,4362290.5,0.093717225,0.8978315,1076.681152
BU_MACH5_160,0.371348979,2.12E-06,0.552870815,0.05825501,0.173077825,0.628233283,963.6843262,98.48587036,124.6937027,619.9517822,1.01E+03,1922271.25,4652122,0.318466425,0.901569068,904.5280762
BU_MACH5_161,0.411602649,6.62E-06,0.907511521,0.062946928,0.144229673,0.647842875,1375.609253,547.0638428,595.6068115,1171.139526,1.56E+03,1953384,3.94E+06,1.11E-05,0.893882692,1508.047974
BU_MACH5_162,0.60774633,3.23E-06,0.621836848,0.046971313,0.166475347,0.633087481,1358.056152,245.4486237,543.9143066,1007.016357,8.20E+02,1941054.375,5396834,0.419901818,0.909429729,448.062439
BU_MACH5_163,0.433794244,6.89E-06,0.377344035,0.058445802,0.184879299,0.565156713,1209.191406,220.3749542,309.6762085,930.9678345,1.17E+03,1953294.375,4497982,0.169705108,0.899936557,1065.601196
BU_MACH5_164,0.437908872,9.70E-06,0.424509507,0.061211585,0.161942277,0.536425062,1340.34021,433.6544189,553.4508667,1209.234131,8.21E+02,1953384,4952367.5,0.017228061,0.906360269,531.9763184
BU_MACH5_166,0.689299771,9.78E-06,0.502652205,0.053864107,0.197394403,0.495629688,1472.416748,740.3354492,871.5040894,1368.328369,1.38E+03,1953384,4470472.5,0.167479515,0.898828387,1149.066406
BU_MACH5_167,0.57140921,6.49E-06,0.598901749,0.043306744,0.193950464,0.67241261,1385.599121,428.0007935,643.0297852,1203.86853,7.04E+02,1926247.125,5534871.5,0.308391392,0.912793517,204.2535095
BU_MACH5_168,0.548585907,2.35E-06,0.287676382,0.069677406,0.181458945,0.671827906,1213.899292,125.9756699,299.8343811,793.8823242,1.03E+03,1915683.375,5119028.5,0.512856424,0.903763771,851.6141357
BU_MACH5_169,0.696065114,8.31E-06,0.350038331,0.066886369,0.133602435,0.530707175,1413.984985,525.4785156,744.4483643,1134.571777,1.74E+03,1953384,3927918.75,0.322173089,0.89087069,1649.048096
BU_MACH5_170,0.309626807,8.18E-06,0.64492653,0.045386655,0.188308404,0.476941527,1258.328857,319.0279846,348.950531,1053.105103,1.28E+03,1953383.875,4.09E+06,1.09E-05,0.896697879,1121.744873
BU_MACH5_171,0.341061556,3.35E-06,0.842044081,0.060934216,0.190371451,0.518379284,1140.661133,166.2260132,200.1025085,864.7605591,1.43E+03,1952292.75,4.08E+06,7.23E-06,0.895211041,1379.514282
BU_MACH5_172,0.326844081,2.95E-06,0.652431739,0.058036457,0.142128408,0.522871609,1008.548401,90.59197998,114.5466461,657.7237549,1.68E+03,1944145.375,3874207.5,0.00111317,0.892214954,1667.205688
BU_MACH5_173,0.583098093,7.86E-06,0.265388177,0.046404426,0.177692297,0.680793695,1307.645142,258.1507568,501.4319458,1022.171997,6.90E+02,1915126.25,5565360,0.39772439,0.912420273,259.3712463
BU_MACH5_174,0.644746409,6.31E-06,0.189139305,0.055128013,0.137217338,0.696882778,1301.456177,206.2163239,510.8683472,930.2562256,9.91E+02,1942870.25,5234537.5,0.490184635,0.905515671,749.4962769
BU_MACH5_175,0.491725724,9.63E-06,0.455689163,0.053380013,0.15012899,0.651392865,1362.754028,490.2879944,598.576355,1117.16394,1.21E+03,1953384,4500688,0.148167104,0.899912119,1072.719604
BU_MACH5_176,0.420748265,9.52E-06,0.987838423,0.050259976,0.151263055,0.46400061,1441.06897,727.3665161,787.8789063,1398.176758,1.78E+03,1953384,3.63E+06,9.08E-06,0.890245259,1611.657959
BU_MACH5_177,0.565798297,3.38E-06,0.267368303,0.056499511,0.190165913,0.559852504,1226.020264,157.6071777,383.0162964,1011.418945,1.02E+03,1926169.75,5121769.5,0.470230937,0.904719949,734.7177734
BU_MACH5_178,0.565097494,1.49E-06,0.866520829,0.065360779,0.156185977,0.687503403,1296.537109,175.4779053,408.8725891,794.3535767,1.16E+03,1948175.375,4860448,0.443186581,0.901266038,1023.31073
BU_MACH5_179,0.394645125,8.41E-06,0.74421059,0.04352291,0.154508302,0.543735527,1348.882813,519.6417847,579.6893921,1235.801025,1.31E+03,1953384,4.21E+06,1.12E-05,0.89767164,1104.549683
BU_MACH5_180,0.449687869,4.88E-06,0.856380248,0.042041996,0.163388387,0.668572008,1320.72937,337.572052,491.1512451,1132.981445,7.37E+02,1949636.5,5056997.5,0.189637229,0.907397151,435.540863
BU_MACH5_181,0.358639436,2.92E-06,0.783512741,0.052278391,0.176123008,0.473701773,1115.45874,138.8759918,179.8977203,887.869751,1.46E+03,1950033,4.11E+06,6.30E-06,0.895606101,1305.112793
BU_MACH5_182,0.470935197,9.12E-06,0.127313724,0.052937975,0.1480262,0.478181433,1128.773804,163.1743469,266.5785828,851.9245605,1.50E+03,1945086.5,4220125,0.253072113,0.894653261,1340.600586
BU_MACH5_183,0.511626966,5.94E-06,0.102948491,0.041063817,0.13384053,0.618275552,1117.449219,152.1807251,306.6363525,895.2814331,8.89E+02,1884547.875,5148224,0.489216387,0.906493425,519.0406494
BU_MACH5_184,0.306923063,5.59E-06,0.928832679,0.066079878,0.174670746,0.648473434,1276.162109,331.4285889,345.4656372,962.7134399,1.37E+03,1953384,4.00E+06,1.10E-05,0.895358801,1393.042725
BU_MACH5_185,0.452994464,5.52E-06,0.190908158,0.044428827,0.149005623,0.496700217,1067.554932,139.0345001,222.4932709,946.1906738,1.23E+03,1926024.125,4583689,0.350841582,0.899570525,958.4983521
BU_MACH5_186,0.681078671,2.71E-06,0.716216352,0.057676846,0.174248887,0.627275002,1410.821167,286.5871887,633.453186,1001.65271,1.06E+03,1952908.25,5171223.5,0.451638371,0.905050576,791.2620239
BU_MACH5_187,0.623398834,1.01E-06,0.15652946,0.041329394,0.178381995,0.516136448,1467.760742,197.6470947,579.1953125,1598.643066,1.13E+03,1835686.375,5348396,0.561510503,0.907781959,461.7983398
BU_MACH5_188,0.525915879,2.05E-06,0.636551506,0.042678347,0.154674232,0.46724134,1257.621826,214.7453766,401.5638428,1045.082031,1.32E+03,1937280,4601146,0.363696843,0.899321079,955.4275513
BU_MACH5_189,0.30874387,1.83E-06,0.576378759,0.055842391,0.136702106,0.490018555,812.3892212,66.77467346,70.22600555,521.2918701,1.81E+03,1920833.5,3813476.25,0.04981456,0.891771197,1782.261963
BU_MACH5_190,0.503087301,6.42E-06,0.340282614,0.059905384,0.152026986,0.666432417,1238.930542,193.6598206,359.7775574,808.8965454,1.13E+03,1952412.25,4707126.5,0.342685908,0.901006818,1016.824829
BU_MACH5_191,0.48248052,3.62E-06,0.20661634,0.04146754,0.132720043,0.481391308,1095.161377,148.7738953,265.8316956,963.2044067,1.39E+03,1911937.25,4513208.5,0.413495988,0.897731781,1038.616699
BU_MACH5_192,0.393913804,6.89E-06,0.839075704,0.049538178,0.191338321,0.640102176,1338.950928,483.0307922,542.1425781,1180.318237,9.16E+02,1953384,4.66E+06,1.15E-05,0.903090298,751.8026733
BU_MACH5_193,0.396924296,1.32E-06,0.445128233,0.053443479,0.142709413,0.667139836,931.4120483,98.69264984,132.1772461,538.5596313,1.09E+03,1879769.75,4718295.5,0.432106942,0.901602089,909.9711304
BU_MACH5_194,0.347114426,9.34E-06,0.129841755,0.052750323,0.132303439,0.609216834,986.5443115,90.12036896,95.46626282,583.8029785,1.20E+03,1932346.125,4349376,0.178755373,0.898025572,1144.44104
BU_MACH5_195,0.304622065,7.74E-06,0.827798334,0.065458344,0.180944132,0.457813959,1328.963501,437.5936279,449.1088867,1117.270386,1.91E+03,1953384,3.47E+06,9.30E-06,0.889508963,1901.988281
BU_MACH5_196,0.465036482,7.42E-06,0.445704263,0.067938199,0.167979671,0.577844447,1288.675903,335.330719,442.6746216,1010.023926,1.49E+03,1953384,4134589.75,0.14383921,0.894352138,1456.924072
BU_MACH5_197,0.664667769,2.68E-06,0.484256355,0.06447822,0.173662628,0.511869167,1355.953491,227.9603729,570.6976318,992.381897,1.46E+03,1950196.75,4498687,0.438553959,0.89553225,1302.16687
BU_MACH5_198,0.305689822,7.08E-06,0.344400745,0.067685377,0.150877932,0.494201697,1052.385986,106.7241669,106.1108017,651.7676392,1.88E+03,1950236,3.65E+06,1.15E-05,0.890551984,1927.151733
BU_MACH5_199,0.492856569,7.63E-06,0.181336247,0.048064398,0.183640795,0.485217811,1162.944458,185.6999207,318.0030518,1007.612244,1.09E+03,1943451.25,4760543,0.284691751,0.902068555,829.4124756
BU_MACH5_200,0.596316269,7.96E-06,0.976713657,0.056339457,0.173142047,0.48392645,1491.979126,833.4758301,913.2095947,1435.364136,1.67E+03,1953384,3.91E+06,7.69E-06,0.89245069,1489.9552
BU_MACH5_201,0.384881497,4.38E-06,0.296160503,0.045537051,0.151520162,0.610634663,991.8895264,106.8623886,134.0209198,738.177124,8.62E+02,1908290.25,4821222.5,0.343600005,0.904046476,639.1324463
BU_MACH5_202,0.388880056,9.38E-06,0.809289541,0.040798459,0.184445871,0.591192877,1372.670532,589.7299805,646.6880493,1235.741333,9.46E+02,1953384,4.63E+06,1.25E-05,0.902765095,679.6876831
BU_MACH5_203,0.382619709,2.12E-06,0.692272677,0.058864116,0.166391472,0.46241438,1045.052979,122.380249,156.620163,807.6237793,1.67E+03,1940857,3961063.5,0.167285159,0.892645538,1607.575562
BU_MACH5_204,0.362140959,4.91E-06,0.936073879,0.057460189,0.16661803,0.630727103,1281.411133,346.1408081,394.6533203,1047.107056,1.26E+03,1953384,4.23E+06,9.80E-06,0.897771358,1201.975098
BU_MACH5_205,0.53951854,1.34E-06,0.785434089,0.053644788,0.186273788,0.557360729,1271.140381,191.4800873,385.0036011,956.3598022,1.05E+03,1938540,5015599.5,0.417287678,0.904139638,752.8103027
BU_MACH5_206,0.60987684,9.71E-06,0.35421579,0.054576644,0.179503713,0.676734214,1391.334717,488.9549866,672.7106323,1142.482544,9.03E+02,1953384,5156325.5,0.315994263,0.90760535,671.7210083
BU_MACH5_207,0.445183923,3.76E-06,0.74602262,0.054091886,0.14139172,0.653321299,1254.407104,209.0511932,344.7228699,926.2313232,1.21E+03,1952538.75,4495783,0.268606424,0.899480462,1091.314697
BU_MACH5_208,0.503350053,3.93E-06,0.554929606,0.041570437,0.155386191,0.631345256,1263.518799,196.3880768,388.8865967,1020.447754,7.94E+02,1920553.25,5190835,0.358240008,0.908325851,416.358551
BU_MACH5_209,0.372488736,6.25E-06,0.69467579,0.048531741,0.164791831,0.563694571,1262.853027,327.5939941,383.3683777,1068.258423,1.22E+03,1953384,4.30E+06,1.05E-05,0.898468673,1077.167847
BU_MACH5_210,0.595263747,8.36E-06,0.805486618,0.040107611,0.159134074,0.513552507,1456.020142,739.0186157,858.2091675,1359.465088,1.32E+03,1953384,4.48E+06,9.01E-06,0.899873197,973.0264893
BU_MACH5_211,0.481858724,3.00E-06,0.242354527,0.066788726,0.176750737,0.607252815,1081.560425,111.1575699,205.4582825,680.3818359,1.19E+03,1918409.625,4752475,0.456162423,0.899915934,1068.782959
BU_MACH5_212,0.692034669,4.61E-06,0.566905728,0.069255009,0.150667712,0.650854335,1414.921875,385.787384,683.2557373,1072.793457,1.40E+03,1953383.875,4528583.5,0.420729637,0.896704555,1307.772461
BU_MACH5_213,0.301060726,7.08E-06,0.730821253,0.069579885,0.179144602,0.674867702,1273.481079,333.3126221,333.444397,923.6134033,1.31E+03,1953384,4.03E+06,1.33E-05,0.895617962,1363.186279
BU_MACH5_214,0.67341081,9.87E-06,0.723863948,0.060576303,0.148504653,0.662098117,1514.462158,824.9812012,946.7288818,1350.360962,1.47E+03,1953384,4293283,0.192576796,0.896817923,1329.99353
BU_MACH5_215,0.355006561,4.84E-06,0.736075076,0.052627273,0.187289801,0.472922819,1203.9823,230.4763031,275.0728149,1023.306274,1.44E+03,1953147.625,4.07E+06,7.95E-06,0.895838499,1299.515869
BU_MACH5_216,0.33388956,6.85E-06,0.882901834,0.041753545,0.147085905,0.583417982,1295.737549,398.045105,448.2023621,1112.585938,1.20E+03,1953384,4.23E+06,1.11E-05,0.89838922,1006.120605
BU_MACH5_217,0.557804059,2.03E-06,0.253009943,0.066517598,0.130940611,0.56297351,1235.027222,114.2026901,315.2515259,875.2918091,1.63E+03,1924585,4242590,0.490569949,0.892467499,1567.395874
BU_MACH5_218,0.516847536,6.77E-06,0.816214435,0.0448356,0.14249439,0.690837642,1404.55481,538.3953857,692.2931519,1233.062012,1.05E+03,1953384,4785240.5,0.189126149,0.903743863,801.013916
BU_MACH5_219,0.31312418,1.09E-06,0.670331541,0.049674801,0.131238488,0.677191809,791.4836426,72.29190063,77.38947296,511.5582275,1.10E+03,1888383.125,4465564.5,0.312755793,0.900144637,980.2312622
BU_MACH5_220,0.541968908,8.72E-06,0.138837745,0.041166476,0.189772664,0.579173711,1209.762085,213.5677185,396.0267334,1032.090332,7.71E+02,1870675.5,5389340,0.38320592,0.910679281,262.2705688
BU_MACH5_221,0.604722434,9.14E-06,0.654799475,0.05019688,0.170542448,0.469941801,1459.105103,743.4227295,844.7333984,1382.301025,1.57E+03,1953384,4.11E+06,8.86E-06,0.895139813,1313.111328
BU_MACH5_222,0.314463723,8.91E-06,0.59331503,0.042849717,0.141600974,0.461454573,1262.135498,330.5126648,365.164978,1054.671387,1.62E+03,1953384,3.79E+06,1.12E-05,0.892415822,1425.034912
BU_MACH5_223,0.529639772,8.03E-06,0.408641963,0.051738045,0.198647374,0.594089755,1332.589722,387.3443298,548.0402222,1120.542603,8.95E+02,1953384.125,5016002.5,0.246613443,0.906499863,650.9884033
BU_MACH5_224,0.515695303,6.56E-06,0.32081128,0.058715528,0.137885289,0.470290017,1244.781738,239.3200531,411.6115723,1025.960083,1.75E+03,1953384,3906212.5,0.24769567,0.891580522,1640.416138
BU_MACH5_225,0.634027186,9.95E-06,0.224540422,0.06752673,0.144170972,0.451992279,1346.631714,457.6374207,645.9954834,1116.355225,1.85E+03,1953384,3766043.75,0.249538541,0.88914746,1749.172485
BU_MACH5_226,0.509388763,5.77E-06,0.749979797,0.044109056,0.1301032,0.683614734,1367.991455,412.2150574,593.6836548,1148.781494,1.08E+03,1953384,4748238,0.251473904,0.90291518,832.4085083
BU_MACH5_227,0.506275582,6.73E-06,0.111566759,0.041273559,0.181835932,0.573145238,1115.598633,155.2239838,302.9328613,1028.265137,7.96E+02,1847669.875,5282650,0.44663617,0.909176707,333.9621887
BU_MACH5_228,0.495771404,3.52E-06,0.175533311,0.06654765,0.198937842,0.670103732,1100.606323,107.3492126,212.713623,709.1307373,8.17E+02,1897703.375,5244661.5,0.490091532,0.906826079,616.2053833
BU_MACH5_229,0.322001502,7.79E-06,0.236323728,0.040856436,0.175646657,0.596847346,1010.805603,94.64053345,95.86470795,660.6633301,6.93E+02,1879905.875,4787900.5,0.00046323,0.905573487,397.4158936
BU_MACH5_230,0.343998462,8.59E-06,0.135067672,0.042255357,0.158151985,0.527452132,954.9039307,83.33869171,87.36238861,666.0824585,8.94E+02,1924276.25,4630457,0.055819277,0.902451396,677.0392456
BU_MACH5_231,0.435826313,3.73E-06,0.440935063,0.062707393,0.189134484,0.654552355,1116.02124,128.9386139,205.7817383,743.1658936,8.74E+02,1939164.5,4909145,0.347611099,0.904158175,762.4141846
BU_MACH5_232,0.428045119,2.27E-06,0.686899429,0.064791025,0.165490305,0.526743645,1120.380981,129.6112671,217.4394073,726.9663696,1.57E+03,1946166.875,4117440.5,0.268928587,0.89353174,1520.77063
BU_MACH5_233,0.665605542,6.27E-06,0.323312723,0.063922548,0.134376783,0.463486221,1356.478394,371.0309143,644.0109253,1161.577637,1.83E+03,1953384,3854255.25,0.337580979,0.889582038,1695.922485
BU_MACH5_234,0.489500949,4.18E-06,0.21073491,0.06189575,0.189523786,0.613431837,1098.935547,102.2638016,215.976593,724.6742554,9.47E+02,1920721.25,5029100.5,0.447367817,0.904381871,761.3635864
BU_MACH5_235,0.485602979,8.83E-06,0.913136692,0.048827784,0.171918795,0.465207312,1443.942871,733.4406128,804.7231445,1401.06604,1.61E+03,1953384,3.93E+06,8.63E-06,0.893820465,1379.787598
BU_MACH5_236,0.410977898,1.23E-06,0.631364043,0.041991926,0.178879701,0.616146825,1042.457886,108.5938339,165.219162,825.350708,8.23E+02,1830323.375,5080680,0.417716533,0.907856882,351.2605896
BU_MACH5_237,0.338671688,3.82E-06,0.610674288,0.062333246,0.131737159,0.581721274,1075.494507,120.921608,141.3110504,688.3383179,1.68E+03,1947512,3864175,0.025925087,0.891490161,1707.715454
BU_MACH5_238,0.679949828,5.28E-06,0.148094888,0.056964628,0.154190293,0.540746269,1324.025269,213.1644287,579.96521,1116.054443,1.33E+03,1943392.375,4784702.5,0.48522985,0.898433447,1104.303955
BU_MACH5_239,0.643592712,4.08E-06,0.563593139,0.060494679,0.17531624,0.49714481,1380.384155,348.2139282,626.4891357,1106.697021,1.49E+03,1953383.875,4364248.5,0.350457281,0.895496786,1317.074097
BU_MACH5_240,0.472565716,6.33E-06,0.618576226,0.045721195,0.161096714,0.551873714,1322.685303,377.7851868,516.4052734,1156.857666,1.19E+03,1953384,4526996,0.096230745,0.900336087,958.6790161
BU_MACH5_241,0.370140812,6.20E-06,0.572317539,0.046703948,0.193097381,0.664377728,1216.43457,228.391037,289.2420044,943.1847534,6.18E+02,1932951.875,4972309,0.001976596,0.907374561,363.5552063
BU_MACH5_242,0.650535649,2.15E-06,0.923447346,0.059611941,0.165077924,0.501900571,1406.254639,338.7927246,637.0422363,1092.332275,1.54E+03,1953384,4316024,0.368400186,0.894788504,1358.094971
BU_MACH5_243,0.699783587,8.24E-06,0.906320786,0.053049779,0.156542141,0.595406476,1523.68042,837.6606445,977.4023438,1417.108398,1.45E+03,1953384,4362659,0.175439879,0.897743165,1238.595581
BU_MACH5_244,0.607363579,8.32E-06,0.966742821,0.059439103,0.191251604,0.57562801,1505.310059,845.5328979,930.2336426,1410.524292,1.43E+03,1953384,4.29E+06,9.14E-06,0.897258461,1278.144287
BU_MACH5_245,0.577989001,9.59E-06,0.392258321,0.064897731,0.186998,0.678358379,1387.530273,507.6242676,655.6514282,1120.261597,1.09E+03,1953384,4805498,0.277175635,0.902883649,974.3605957
BU_MACH5_246,0.344806006,4.65E-06,0.950239094,0.054696739,0.196331066,0.560644002,1255.599243,303.0054626,344.4043579,1063.124512,1.18E+03,1953384,4.27E+06,8.71E-06,0.89856565,1099.138672
BU_MACH5_247,0.639905637,7.72E-06,0.194296445,0.063670891,0.145005127,0.571871944,1306.994873,253.0248566,541.8260498,1025.580322,1.45E+03,1953384,4428111,0.409212172,0.89535737,1344.539185
BU_MACH5_248,0.670663363,8.09E-06,0.46477799,0.044287271,0.166973134,0.691888455,1433.747192,512.4976807,755.9916382,1222.965942,7.43E+02,1952046.5,5589314.5,0.365382314,0.911942422,341.3453979
BU_MACH5_249,0.404494937,1.13E-06,0.680816553,0.048164548,0.154008699,0.602374065,1019.870911,122.415947,164.1709442,741.8887939,1.02E+03,1903132.5,4766677,0.392787457,0.902695239,781.5941772
BU_MACH5_250,0.401063143,5.41E-06,0.48052078,0.049824729,0.144532698,0.660903134,1176.755493,170.03685,242.8101959,843.6101685,9.85E+02,1947318.625,4658404.5,0.233876526,0.902050972,846.8751831
BU_MACH5_251,0.524837428,5.07E-06,0.377340849,0.045974335,0.162420226,0.460084231,1247.824219,232.7110443,415.6636658,1040.177368,1.36E+03,1948889.125,4470796.5,0.282548338,0.898083806,1066.82373
BU_MACH5_252,0.398073989,9.49E-06,0.403906052,0.057056502,0.170944362,0.655557726,1274.961548,351.8614197,400.6564331,917.2501831,1.06E+03,1953384,4.50E+06,1.60E-05,0.900755346,981.9122925
BU_MACH5_253,0.477697952,3.33E-06,0.382861647,0.055512766,0.159855997,0.512621509,1140.953979,145.3984833,260.6101074,825.4397583,1.42E+03,1936175.5,4397979.5,0.357691735,0.89618516,1250.37561
BU_MACH5_254,0.586589947,1.81E-06,0.511458016,0.051928521,0.146716214,0.661873348,1302.027588,183.4182739,433.743866,796.0001831,9.91E+02,1917611.75,5214442.5,0.514366746,0.905715525,681.2157593
BU_MACH5_255,0.342527958,4.00E-06,0.589230409,0.049069128,0.189028396,0.506600452,1082.359497,123.1528473,144.2608948,826.4837036,1.10E+03,1946838.875,4.41E+06,8.06E-06,0.899894297,953.407959
BU_MACH5_256,0.638755699,6.52E-06,0.471974804,0.054919182,0.178598932,0.62203534,1395.994873,421.7138367,667.0962524,1157.020264,1.04E+03,1953384,5035365,0.35742116,0.90514636,801.4136353
BU_MACH5_257,0.467896579,7.83E-06,0.158319297,0.065786922,0.197829336,0.546189825,1114.815552,128.3669281,230.5432281,773.3482056,1.18E+03,1946523.625,4603828,0.310271412,0.899377882,1097.368164
BU_MACH5_258,0.405954015,5.62E-06,0.603865304,0.065009389,0.160022149,0.663924497,1246.59729,247.877655,334.6916199,903.5875244,1.28E+03,1953384,4304518.5,0.146318063,0.897259057,1270.471558
BU_MACH5_259,0.443284256,4.48E-06,0.702749779,0.052206725,0.158921359,0.510899136,1268.542114,269.4179077,395.0694885,1072.909424,1.46E+03,1953384,4179176,0.110540338,0.895729184,1297.917236
BU_MACH5_260,0.628956475,9.19E-06,0.238747166,0.050455055,0.193701671,0.611620624,1342.704834,356.1347656,598.3796997,1109.052246,7.53E+02,1953280.375,5456932.5,0.370919585,0.910565138,426.0921326
BU_MACH5_261,0.535237696,2.37E-06,0.39094959,0.064545404,0.184294305,0.588476577,1199.12207,124.4641113,302.9500427,741.5928955,1.15E+03,1935479.5,4878241,0.458456278,0.901230574,978.9784546
BU_MACH5_262,0.598440114,3.47E-06,0.755919077,0.053799275,0.192473608,0.620477828,1380.956421,312.0664673,579.697876,1116.473999,8.95E+02,1953384,5231001,0.373104692,0.907881737,602.6881104
BU_MACH5_263,0.354075088,9.28E-06,0.232399841,0.06199006,0.143170357,0.624375439,1107.110107,135.5352173,150.8084717,685.7052612,1.33E+03,1949991.875,4183101.5,0.029130781,0.895754397,1344.877197
BU_MACH5_264,0.474102628,6.03E-06,0.558228791,0.045519136,0.14083724,0.538651845,1298.257568,316.5778503,466.2711792,1107.579956,1.36E+03,1953384,4343706.5,0.16558373,0.897844672,1130.006714
BU_MACH5_265,0.390046986,4.05E-06,0.626810181,0.06721179,0.143921649,0.628394848,1160.237671,150.0422668,224.1552277,772.0953979,1.52E+03,1951116.25,4069382.5,0.201573357,0.893046498,1538.981934
BU_MACH5_266,0.499660244,5.67E-06,0.305417536,0.064641727,0.15500405,0.520509262,1191.342896,171.6408844,326.9911499,848.3188477,1.59E+03,1950167.75,4133545.5,0.306141943,0.893226206,1526.88208
BU_MACH5_267,0.350699399,3.20E-06,0.528270357,0.058805637,0.194157718,0.529455641,998.5114136,101.2903442,120.7707672,699.6054688,1.22E+03,1937956.875,4358169,0.150722072,0.89825958,1144.748291
BU_MACH5_268,0.574891397,8.85E-06,0.943898801,0.041840398,0.185450562,0.635288369,1473.077637,792.8725586,895.8616333,1399.946411,9.70E+02,1953384.125,5.04E+06,1.14E-05,0.90664351,620.6611938
BU_MACH5_269,0.463548546,2.87E-06,0.877218873,0.061193596,0.145740996,0.574652852,1263.090088,224.5657196,371.2311707,896.2233887,1.55E+03,1953383.875,4118860.25,0.252959013,0.893243372,1473.210083
BU_MACH5_270,0.585592212,2.80E-06,0.522945671,0.040470636,0.199491331,0.688836177,1322.841431,222.7068787,483.814209,1079.247803,8.08E+02,1791918.875,5734405.5,0.50021261,0.916529357,14.6959486
BU_MACH5_271,0.631471249,1.53E-06,0.317992871,0.054442401,0.173049793,0.576361736,1361.79895,179.833313,505.9722595,1101.888184,1.11E+03,1906906.25,5233306.5,0.538650572,0.905034781,726.4888306
BU_MACH5_272,0.456837696,5.87E-06,0.145301639,0.059460204,0.161702867,0.684341075,1044.506714,107.9533463,175.1419067,653.322937,8.60E+02,1912128.75,5006223.5,0.441664428,0.904617667,729.5487671
BU_MACH5_273,0.575426814,7.68E-06,0.283624061,0.042322247,0.132827849,0.698886654,1306.30481,257.103363,500.7638855,996.7161865,7.78E+02,1941123.375,5349384,0.398092836,0.90951544,418.8061218
BU_MACH5_274,0.626896402,4.68E-06,0.859711075,0.0688654,0.169371596,0.617843715,1439.288818,528.6720581,725.9138184,1147.842773,1.46E+03,1953384,4324501.5,0.296478659,0.896024764,1370.057251
BU_MACH5_275,0.520869924,7.00E-06,0.978684555,0.047721171,0.18013022,0.541558061,1434.792358,695.1132202,787.5283203,1367.057373,1.31E+03,1953384,4.40E+06,8.67E-06,0.899092615,1078.315674
BU_MACH5_276,0.36592335,4.82E-06,0.467466097,0.065138958,0.170106909,0.58005829,1092.593506,120.5980377,155.5347595,730.9283447,1.38E+03,1948309.625,4190005.5,0.155920982,0.895652592,1375.889404
BU_MACH5_277,0.371877877,4.52E-06,0.822399817,0.042627904,0.149772724,0.456928037,1226.021484,256.8316345,324.4336853,1116.260498,1.52E+03,1952710.375,4.02E+06,7.29E-06,0.894841969,1269.210571
BU_MACH5_278,0.555760295,6.17E-06,0.797211682,0.047341384,0.167466866,0.524806604,1414.149414,561.3433228,717.0801392,1311.274902,1.34E+03,1953384,4421594,0.094263554,0.89909476,1092.171021
BU_MACH5_279,0.351605774,5.32E-06,0.198195502,0.067018373,0.185972203,0.685410352,878.821106,67.02333832,74.66275787,498.8713684,8.16E+02,1910614.375,4746040.5,0.31462729,0.902822733,818.0667725
BU_MACH5_280,0.332999493,2.81E-06,0.896412464,0.057559951,0.139845341,0.486272774,1115.165405,143.5285645,171.6372375,833.4394531,1.85E+03,1951434,3.69E+06,6.32E-06,0.890932202,1810.933838
BU_MACH5_281,0.626201947,3.07E-06,0.613774065,0.048442998,0.172461132,0.623988128,1372.756714,243.1210327,559.3156128,1073.031494,8.34E+02,1941459.125,5434035.5,0.437018484,0.909483016,464.1719666
BU_MACH5_282,0.62992125,1.66E-06,0.250496744,0.062134292,0.133160094,0.499462966,1364.42749,166.1402435,497.621582,1132.76416,1.68E+03,1927410.125,4189118.5,0.500803292,0.891611218,1561.995483
BU_MACH5_283,0.387951415,5.36E-06,0.123973229,0.046547799,0.191008357,0.675089389,890.5221558,86.27116394,109.5834732,731.3078003,6.93E+02,1794474.625,5168787,0.407033652,0.909361243,251.9636688
BU_MACH5_284,0.58159248,9.45E-06,0.643009467,0.045019048,0.158735868,0.567816462,1445.563232,706.3257446,818.2919922,1332.832642,1.27E+03,1953384,4534758,0.021522088,0.900396824,1005.818787
BU_MACH5_285,0.541186462,7.88E-06,0.536506839,0.047848206,0.198593215,0.493038423,1378.05127,530.8607788,656.4754028,1270.208618,1.20E+03,1953384,4594275,0.023280634,0.901373446,936.9302979
BU_MACH5_286,0.618517826,3.16E-06,0.867387127,0.068157328,0.16307131,0.528996521,1394.740112,399.2584534,635.5617676,1091.965088,1.63E+03,1953383.875,4089350,0.319244653,0.892505109,1555.161987
BU_MACH5_287,0.318789148,6.62E-06,0.335655141,0.043044181,0.19243724,0.561249763,1037.172241,99.11787415,105.2410049,705.1254272,7.01E+02,1909299.875,4.73E+06,1.25E-05,0.904785335,463.5182495
BU_MACH5_288,0.676162456,1.56E-06,0.771245802,0.043748975,0.15954684,0.568608905,1421.838867,283.2432556,627.7631226,1050.298462,9.86E+02,1933339.75,5367940.5,0.478016168,0.907900751,519.3904419
BU_MACH5_289,0.359729704,1.77E-06,0.918526859,0.055694555,0.177271686,0.644170293,1063.275635,111.4102478,150.1039581,693.0349731,8.90E+02,1940118.25,4678903.5,0.242550611,0.902691662,791.3476563
BU_MACH5_290,0.322418506,9.00E-06,0.214212848,0.043869825,0.18528875,0.550082888,1042.638062,102.0688019,102.5972672,673.4442749,7.13E+02,1925638.125,4.70E+06,1.54E-05,0.904296577,518.9457397
BU_MACH5_291,0.408023511,5.47E-06,0.260103812,0.047592315,0.157344986,0.590515336,1049.968384,124.5829849,165.7164154,801.9516602,9.27E+02,1923990.75,4796964.5,0.329913497,0.903527439,717.0627441
BU_MACH5_292,0.557465621,6.39E-06,0.650776928,0.058286972,0.191907345,0.694325968,1393.353516,468.410553,641.7589722,1152.749146,9.15E+02,1953384,5049099,0.283290207,0.906624734,720.8980103
BU_MACH5_293,0.646955071,4.25E-06,0.229541111,0.054015459,0.146846922,0.605214179,1313.373535,202.0063171,523.6624756,1014.371155,1.15E+03,1937313,5050313.5,0.503948808,0.902685225,878.4977417
BU_MACH5_294,0.611279275,2.64E-06,0.968833802,0.069976108,0.191828635,0.479157018,1388.059448,401.1928101,626.9089966,1132.151611,1.64E+03,1953383.875,4082828.25,0.288960576,0.89238131,1549.868774
BU_MACH5_295,0.69800951,1.94E-06,0.203794635,0.058485471,0.157660996,0.679302561,1445.511841,179.085968,622.6437378,1059.57373,1.03E+03,1897486.875,5506700.5,0.592726171,0.907356143,643.3497314
BU_MACH5_296,0.674868667,9.21E-06,0.497809284,0.055394546,0.138435138,0.545054598,1461.411377,687.7445679,834.0209961,1292.787964,1.60E+03,1953383.875,4119063,0.236060023,0.893389344,1423.313354
BU_MACH5_297,0.683065596,8.01E-06,0.330629951,0.068062462,0.158507883,0.658399915,1397.030518,430.9922791,684.8415527,1088.675415,1.31E+03,1953384,4654823.5,0.394882113,0.898872018,1201.049805
BU_MACH5_298,0.621178552,6.09E-06,0.345505344,0.051413327,0.132177338,0.606557176,1342.265747,276.1722412,558.6137695,970.8185425,1.28E+03,1952588.125,4682673,0.398750007,0.899555385,1067.469116
BU_MACH5_299,0.500846706,7.15E-06,0.424870693,0.054216845,0.167786285,0.514013092,1299.086792,349.9978638,484.2709961,1099.827393,1.41E+03,1953384,4308796,0.178735763,0.896595001,1242.108765
BU_MACH5_300,0.511067672,4.75E-06,0.793387225,0.059978108,0.198126511,0.585840388,1356.002808,402.4243774,557.7866821,1149.939209,1.19E+03,1953384,4591630,0.207256615,0.900591075,1051.931763
BU_MACH5_301,0.590990228,1.26E-06,0.712040651,0.062578359,0.152367648,0.629339305,1312.54248,182.5865326,426.6216431,814.9866943,1.27E+03,1942826.125,4802166.5,0.47307834,0.899592698,1091.60144
BU_MACH5_302,0.410281051,5.99E-06,0.934350072,0.046067066,0.18174984,0.558702414,1338.999878,479.0220032,554.3170776,1234.265991,1.13E+03,1953384,4.46E+06,9.26E-06,0.900366962,930.6077271
BU_MACH5_303,0.331588708,6.45E-06,0.584976702,0.063047815,0.172193395,0.503126591,1203.221558,232.6228485,251.1282654,935.1880493,1.65E+03,1953383.875,3.80E+06,1.01E-05,0.891997516,1663.536011
BU_MACH5_304,0.329858724,3.68E-06,0.421941209,0.050919183,0.199311626,0.61453383,935.201416,81.23426819,90.30330658,613.5865479,6.60E+02,1894981,4814656.5,0.202426627,0.905376673,504.2020264
BU_MACH5_305,0.543669008,9.28E-06,0.461788629,0.045101518,0.149212314,0.612112125,1381.81958,528.5263062,661.451416,1190.599609,1.11E+03,1953384,4723387.5,0.19967401,0.902650654,861.8915405
BU_MACH5_306,0.378779211,6.70E-06,0.817998999,0.052073373,0.177597932,0.565959349,1322.653687,444.010376,495.5038757,1169.92041,1.28E+03,1953384,4.23E+06,1.03E-05,0.897817492,1158.19751
BU_MACH5_307,0.659018329,8.52E-06,0.165983593,0.047936769,0.146276479,0.482225349,1321.819824,307.0161133,597.9648438,1081.49939,1.40E+03,1952973.125,4536133.5,0.369844586,0.897177637,1123.599854
BU_MACH5_308,0.661612793,8.78E-06,0.591163073,0.050343002,0.174859192,0.556841792,1467.168945,692.3772583,850.0951538,1341.485474,1.29E+03,1953384,4614326.5,0.207328364,0.900801957,1039.566895
BU_MACH5_309,0.319830732,7.24E-06,0.973083883,0.06823511,0.147382038,0.531736991,1362.769531,517.5337524,526.2880859,1153.90564,1.99E+03,1953384,3.40E+06,9.73E-06,0.889034569,1982.760132
BU_MACH5_310,0.312162969,5.11E-06,0.900966216,0.054786082,0.134722247,0.549354717,1237.352295,271.6704102,299.9888916,1016.843445,1.71E+03,1953383.875,3.72E+06,9.22E-06,0.89161247,1666.532471
BU_MACH5_311,0.687238624,8.54E-06,0.956917777,0.068472173,0.160430472,0.508481613,1540.069946,922.1105347,1003.608032,1447.304321,1.81E+03,1953384,3.69E+06,7.77E-06,0.890332937,1703.851929
BU_MACH5_312,0.416303061,9.55E-06,0.417268911,0.068754233,0.196414211,0.554990173,1299.427002,415.0903625,452.1530151,1034.820313,1.43E+03,1953384,4.12E+06,1.33E-05,0.895379364,1406.094482
BU_MACH5_313,0.545109677,8.75E-06,0.729991321,0.059275002,0.15347289,0.6418081,1451.595337,691.2097778,792.546875,1277.74231,1.43E+03,1953384,4239092.5,0.019986538,0.896817386,1314.364136
BU_MACH5_314,0.518867519,6.96E-06,0.832316379,0.059708108,0.194601615,0.63778985,1425.810547,610.8012085,721.0664673,1254.860474,1.18E+03,1953384,4572395.5,0.024813395,0.901049972,1050.391846
BU_MACH5_315,0.38372902,2.88E-06,0.485406549,0.052433731,0.145997787,0.643639149,1023.265503,111.5906296,142.3307037,682.2382813,1.06E+03,1922034.375,4628894.5,0.344906062,0.901263237,922.0586548
BU_MACH5_316,0.479535606,4.31E-06,0.668713315,0.061728474,0.13579242,0.695904233,1283.005249,235.8155212,399.6985779,905.1622314,1.31E+03,1953384,4417493.5,0.306588203,0.897732258,1249.487793
BU_MACH5_317,0.421753911,3.57E-06,0.926539213,0.045850109,0.140088289,0.587579485,1271.344238,248.5426025,378.3978271,1053.042725,1.25E+03,1952974.875,4398302,0.159086972,0.89875412,1058.506958
BU_MACH5_318,0.377349333,4.22E-06,0.278390234,0.051825426,0.147733655,0.552913266,956.2913208,92.84185791,116.8615799,688.2766113,1.28E+03,1922062,4396644,0.300801814,0.897826016,1147.585083
BU_MACH5_319,0.437517576,2.46E-06,0.722552361,0.056225339,0.179821782,0.665020386,1171.196655,135.2388,239.8772736,799.7887573,7.93E+02,1940483.75,4986256.5,0.335320354,0.905691504,634.7192383
BU_MACH5_320,0.33743332,8.62E-06,0.569616138,0.064108497,0.163755386,0.507312693,1288.560181,373.3581238,385.6335754,1005.203003,1.76E+03,1953384,3.66E+06,1.16E-05,0.890964568,1765.527466
BU_MACH5_321,0.507774017,1.70E-06,0.503887106,0.069128875,0.152968947,0.586277627,1167.407715,133.3680267,264.8384094,724.8468628,1.50E+03,1935101.25,4365139,0.438026339,0.894919634,1421.208984
BU_MACH5_322,0.523640468,1.60E-06,0.89494937,0.065562615,0.160880222,0.634307932,1260.031372,174.8245087,365.1907959,755.531189,1.30E+03,1949006.375,4586467,0.3923814,0.898573279,1184.742188
BU_MACH5_323,0.414318625,5.02E-06,0.61714774,0.062523572,0.188765178,0.47758977,1231.426025,258.741394,334.9335632,1020.070313,1.58E+03,1953384,4.00E+06,8.04E-06,0.893127322,1512.200317
BU_MACH5_324,0.42582259,9.99E-06,0.768365868,0.063033697,0.183289827,0.480681997,1430.450684,695.0930176,730.5163574,1283.129395,1.75E+03,1953383.875,3.67E+06,1.00E-05,0.890591681,1680.995239
BU_MACH5_325,0.513581909,2.73E-06,0.545167846,0.056605686,0.168929682,0.474923673,1223.867554,167.5449524,347.26474,920.9730225,1.51E+03,1947340.875,4292713,0.321453303,0.894961655,1332.968262
BU_MACH5_326,0.660030323,1.15E-06,0.11630267,0.049958579,0.156931596,0.603149083,1531.727417,173.7480774,642.2982178,1359.401489,1.16E+03,1871721.875,5384546.5,0.595783293,0.90662694,620.8951416
BU_MACH5_327,0.433886215,1.04E-06,0.773346232,0.056025459,0.134772698,0.515605426,1085.986694,136.1278381,212.2509613,696.7255249,1.65E+03,1929379,4066722.5,0.345944047,0.89261055,1563.364014
BU_MACH5_328,0.551173534,6.93E-06,0.220260787,0.058231797,0.196775074,0.468386731,1232.596069,210.3856506,415.840271,993.451416,1.33E+03,1952173.375,4521596.5,0.311695397,0.897976458,1153.968628
BU_MACH5_329,0.432171221,5.21E-06,0.983012421,0.069821002,0.180052348,0.569446974,1362.751831,502.3303528,560.2919312,1163.768677,1.59E+03,1953384,3.93E+06,8.42E-06,0.892455995,1579.052368
BU_MACH5_330,0.601526634,4.17E-06,0.489578405,0.040281251,0.152883042,0.570988983,1344.006226,257.1705017,547.371582,1136.835205,9.22E+02,1938460.375,5237829.5,0.396672279,0.90757674,490.8526917
BU_MACH5_331,0.534032826,4.42E-06,0.826497403,0.058399325,0.182436266,0.633889706,1370.323242,393.5795288,577.9505615,1132.039795,1.12E+03,1953384,4738186.5,0.272917718,0.902152061,959.3334351
BU_MACH5_332,0.417943052,1.73E-06,0.410050893,0.04058129,0.153602179,0.466022828,1010.459412,121.8986359,165.0013275,959.87677,1.27E+03,1904173.5,4572423.5,0.363674015,0.899718702,891.4546509
BU_MACH5_333,0.497287564,4.55E-06,0.84737503,0.068388817,0.16072317,0.454370769,1353.638306,453.3442688,560.0834961,1194.257202,1.91E+03,1953384,3.64E+06,6.45E-06,0.889662385,1824.718018
BU_MACH5_334,0.691143236,8.13E-06,0.738102005,0.068920088,0.168637556,0.681824732,1506.258179,756.333374,902.2875366,1303.272461,1.40E+03,1953384,4429491.5,0.262758017,0.897538126,1308.018311
BU_MACH5_335,0.532964141,4.99E-06,0.515261818,0.048642443,0.136401786,0.542250191,1304.880493,267.1761475,477.8332825,1009.077393,1.41E+03,1953222,4375881,0.295931935,0.897008419,1191.940063
BU_MACH5_336,0.64177127,1.87E-06,0.1056433,0.055733576,0.18478872,0.689269478,1441.316528,146.8441315,560.7233276,1168.440796,8.91E+02,1839220.125,5741055.5,0.602044761,0.911933362,349.6541748
BU_MACH5_337,0.38003965,4.71E-06,0.459866622,0.057245385,0.172603546,0.593851344,1103.515015,133.8744507,175.1739197,776.6084595,1.13E+03,1943872.375,4482800,0.197182387,0.899827302,1041.332764
BU_MACH5_338,0.365467281,9.04E-06,0.27044413,0.060734987,0.176448528,0.578106113,1146.479126,168.1079865,197.3631592,717.5079956,1.21E+03,1952359.75,4.31E+06,1.53E-05,0.897847712,1182.738403
BU_MACH5_339,0.469579101,2.20E-06,0.801517795,0.065309182,0.141176142,0.686082492,1212.270264,150.0917358,292.7135315,685.7242432,1.32E+03,1947765.75,4444101.5,0.357521981,0.897354305,1270.811646
BU_MACH5_340,0.617580737,4.42E-06,0.664033326,0.049963421,0.187512796,0.598206183,1392.68042,367.2034302,633.4987183,1181.320557,9.14E+02,1953384,5214861,0.356942743,0.907844067,597.8253784
BU_MACH5_341,0.316801196,8.15E-06,0.908211481,0.068572821,0.180402965,0.647351909,1373.577393,535.9970703,550.3986816,1139.736328,1.47E+03,1953384,3.89E+06,1.25E-05,0.893878222,1479.797974
BU_MACH5_342,0.622353587,3.12E-06,0.890700278,0.049180441,0.145156129,0.682838435,1414.66748,329.5004883,629.0668945,1100.247681,1.00E+03,1953384,5121927.5,0.403000951,0.905879378,717.1170654
BU_MACH5_343,0.684585858,2.08E-06,0.311371099,0.063293484,0.13531313,0.566685598,1392.388672,194.4666443,574.9434204,1010.325439,1.52E+03,1938060.375,4503040,0.522033155,0.894647598,1362.903198
BU_MACH5_344,0.615629115,7.53E-06,0.375523765,0.047116509,0.135390156,0.621491043,1369.911255,379.7721558,624.0551147,1110.182495,1.17E+03,1953384,4819704,0.352591813,0.902319849,905.7443237
BU_MACH5_345,0.418853041,6.61E-06,0.625439485,0.044671375,0.151622713,0.625732658,1291.312866,345.6316833,441.3239441,1075.30127,1.01E+03,1953383.875,4636421.5,0.012963,0.902394235,798.9047852
BU_MACH5_346,0.656997565,4.59E-06,0.760566106,0.060303746,0.166871036,0.505437666,1437.485107,517.1501465,740.298584,1215.545166,1.58E+03,1953384,4178073.25,0.284551293,0.893718541,1423.079834
BU_MACH5_347,0.356483169,7.37E-06,0.433582018,0.04626943,0.130377201,0.519321665,1179.028687,210.9775696,245.3943481,923.37854,1.51E+03,1951686.125,4.01E+06,1.17E-05,0.894592106,1348.606934
BU_MACH5_348,0.5785648,2.52E-06,0.956095425,0.045182904,0.162538047,0.64630665,1379.469849,281.0200195,554.3641357,1112.125977,8.21E+02,1946652.875,5322423,0.386609524,0.908879578,459.0657349
BU_MACH5_349,0.687016498,3.24E-06,0.121424982,0.055074127,0.182819218,0.657037904,1400.653809,180.3875732,619.208374,1150.606323,8.45E+02,1879461,5756285,0.586405277,0.911652327,378.7485046
BU_MACH5_350,0.36863647,7.17E-06,0.509167956,0.053135856,0.199739355,0.521493912,1223.577271,270.0124817,311.3291016,995.6814575,1.16E+03,1953384,4.35E+06,1.11E-05,0.899257004,1047.619385
BU_MACH5_351,0.456057302,8.65E-06,0.809120347,0.051553498,0.131623653,0.532551225,1412.12207,660.3203125,722.1864014,1300.222656,1.71E+03,1953384,3.78E+06,1.02E-05,0.891645551,1565.307495
BU_MACH5_352,0.562135783,8.92E-06,0.415190124,0.058965069,0.188089656,0.459479995,1374.218384,537.1174316,653.1459351,1236.810547,1.57E+03,1953384,4109152,0.021879449,0.894081295,1407.274414
BU_MACH5_353,0.412126566,2.00E-06,0.579387127,0.06781788,0.140555804,0.572762078,1039.177856,114.1168976,159.1197357,574.06604,1.66E+03,1934094,4021699,0.328590155,0.892514944,1678.826782
BU_MACH5_354,0.362527934,5.84E-06,0.704814393,0.051373771,0.139362529,0.48709891,1245.901611,295.8823547,343.1673279,1065.348389,1.72E+03,1953384,3.77E+06,8.92E-06,0.892033458,1610.431885
BU_MACH5_355,0.648645112,7.32E-06,0.387762908,0.05057247,0.162194035,0.492874691,1389.260376,458.6119995,688.1572266,1178.454712,1.42E+03,1953384,4449413,0.296019256,0.897397816,1164.954956
BU_MACH5_356,0.438201239,6.81E-06,0.171570312,0.047529285,0.16816282,0.636682089,1070.807495,129.9490356,196.7953644,818.3084717,7.13E+02,1896828.125,5111260.5,0.387243271,0.907603741,450.8505554
BU_MACH5_357,0.652596844,4.33E-06,0.787762053,0.048363938,0.15783148,0.597874783,1438.017334,451.6776123,722.3778076,1236.048462,1.16E+03,1953384,4894171.5,0.350571632,0.903475523,864.1253052
BU_MACH5_358,0.655057857,2.51E-06,0.216629475,0.062873157,0.168865832,0.500894772,1356.300659,179.7281647,542.6876831,1166.329468,1.47E+03,1934690.75,4581561,0.500939727,0.895711958,1271.896606
BU_MACH5_359,0.400611908,6.15E-06,0.401443831,0.04622059,0.138205537,0.452212043,1164.0177,180.0538483,244.8084412,965.0229492,1.63E+03,1950655,3.98E+06,9.17E-06,0.893331051,1423.512451
BU_MACH5_360,0.666697128,5.17E-06,0.532915958,0.056909142,0.185026823,0.502114292,1405.893677,432.0514526,695.0285645,1178.087646,1.38E+03,1953384,4538493.5,0.333314598,0.898099899,1166.911621
BU_MACH5_361,0.441123496,7.50E-06,0.854059645,0.057762593,0.183915659,0.548387768,1396.277222,605.5767212,663.9299927,1269.720825,1.46E+03,1953384,4.10E+06,9.77E-06,0.89587611,1336.092651
BU_MACH5_362,0.636225153,5.82E-06,0.315829597,0.061529938,0.18302931,0.669499161,1332.439575,233.9689484,534.3895874,993.5410767,8.81E+02,1952142.5,5334504,0.445660502,0.907456338,655.3633423
BU_MACH5_363,0.392095682,5.91E-06,0.274272213,0.052529755,0.195973202,0.536251717,1052.084839,107.1983337,146.6136475,791.1185303,9.32E+02,1938984.625,4722006,0.217699587,0.902881265,765.1914673
BU_MACH5_364,0.430403931,2.24E-06,0.294223994,0.066189928,0.137470959,0.533586962,979.6773682,97.53850555,143.4832611,595.7175903,1.72E+03,1914502.875,4020773.5,0.387677819,0.891853333,1712.13855
BU_MACH5_365,0.349381732,8.70E-06,0.999919578,0.062274995,0.136137407,0.693743553,1415.694336,655.4865723,678.2576294,1219.880371,1.60E+03,1953383.875,3.79E+06,1.30E-05,0.892651141,1565.3573
BU_MACH5_366,0.302155779,5.23E-06,0.849808576,0.05790962,0.137674967,0.491464125,1224.823608,245.187149,264.6627197,947.6567383,1.94E+03,1953384,3.52E+06,8.55E-06,0.889672756,1903.987061
BU_MACH5_367,0.572466713,1.19E-06,0.779328031,0.051216541,0.197583482,0.544199561,1303.320679,207.5807648,438.9997559,934.6826172,9.39E+02,1931924.25,5222960,0.441767484,0.906834722,580.2157593
BU_MACH5_368,0.375967992,5.69E-06,0.872268392,0.064122604,0.174118633,0.555396985,1312.151123,406.7877197,448.932251,1108.106934,1.57E+03,1953384,3.91E+06,9.24E-06,0.89281863,1541.770264
BU_MACH5_369,0.528361071,3.84E-06,0.370375964,0.04692622,0.18631812,0.615807642,1219.606689,180.5351563,364.5737,989.8359985,7.56E+02,1890760.75,5357596,0.438368231,0.909786999,367.5227356
BU_MACH5_370,0.403093771,2.61E-06,0.247192285,0.056083117,0.165643726,0.600423902,912.0482788,89.28141785,122.6485901,688.1495972,1.09E+03,1891500.75,4727442,0.404611707,0.9012658,925.5360718
BU_MACH5_371,0.554152629,2.32E-06,0.360949736,0.069289752,0.17133815,0.699959777,1220.30481,133.3223724,316.7448425,655.9943237,1.03E+03,1923056.125,5105261,0.507419229,0.903701663,861.5412598
BU_MACH5_372,0.325426069,8.96E-06,0.71078894,0.060876133,0.156690784,0.608910611,1338.632813,479.2106018,489.0692139,1084.6427,1.53E+03,1953384,3.85E+06,1.32E-05,0.893645525,1500.159668
BU_MACH5_373,0.454792712,7.60E-06,0.176545952,0.046803261,0.130596283,0.63274572,1118.110718,147.3171539,237.3759155,818.6289063,1.01E+03,1934022.5,4800364,0.363687485,0.902681053,805.5754395
BU_MACH5_374,0.588321543,7.04E-06,0.961823762,0.048907804,0.138876223,0.537589007,1470.317627,742.6845703,856.869751,1381.150269,1.59E+03,1953384,4.06E+06,8.28E-06,0.894452512,1362.155396
BU_MACH5_375,0.439679116,8.47E-06,0.837025813,0.043162269,0.17164711,0.584278359,1389.949219,623.0890503,694.0465088,1298.877441,1.12E+03,1953384,4.53E+06,1.12E-05,0.901295185,873.0331421
BU_MACH5_376,0.336082839,3.96E-06,0.530065578,0.049316932,0.19348235,0.659257088,1038.147949,109.5913086,125.0807419,696.87323,6.10E+02,1898678.25,4886683.5,0.176555574,0.90643543,406.2044067
BU_MACH5_377,0.531716739,8.21E-06,0.437552049,0.063491673,0.1641331,0.475566729,1351.261475,482.8644409,593.7404175,1173.119019,1.72E+03,1953384,3882950.75,0.028106764,0.891772211,1625.802612
BU_MACH5_378,0.635057247,1.63E-06,0.606644819,0.065932525,0.152450887,0.599241707,1347.856812,176.9454803,487.502594,867.1544189,1.39E+03,1947201.25,4643298.5,0.475459486,0.896895349,1244.403809
BU_MACH5_379,0.427176733,7.45E-06,0.184802429,0.060090941,0.197128998,0.547881314,1078.765503,127.3573914,184.7902985,807.84198,1.05E+03,1941675.125,4665704.5,0.268672287,0.901153386,951.0467529
BU_MACH5_380,0.474591363,7.58E-06,0.140746019,0.065864195,0.141975518,0.45004059,1103.102295,130.7218933,238.1337585,827.8283691,1.86E+03,1946580.125,3811501.75,0.265409708,0.889507115,1802.94397
BU_MACH5_381,0.602439991,5.08E-06,0.364893289,0.050704661,0.161447674,0.517613178,1316.985596,252.3633423,524.9117432,1034.503174,1.28E+03,1950558.625,4679527,0.370276242,0.89957118,1027.102417
BU_MACH5_382,0.461981115,6.65E-06,0.305033222,0.061245398,0.180973296,0.553390057,1183.496338,172.3498535,292.4804382,895.3892822,1.26E+03,1951488.375,4481891.5,0.260963917,0.89863193,1156.070923
BU_MACH5_383,0.567602551,9.79E-06,0.162720225,0.061468292,0.148378244,0.656137425,1263.631714,231.1917725,441.0700073,917.6802979,1.16E+03,1953384,4757049.5,0.379994482,0.900714457,1052.285522
BU_MACH5_384,0.694287326,4.11E-06,0.994784741,0.06434979,0.139053518,0.649475265,1484.156128,573.4188843,806.8001709,1167.703857,1.51E+03,1953384,4291012,0.345464855,0.894699097,1401.538452
BU_MACH5_385,0.655534825,3.44E-06,0.107876229,0.066698317,0.164670669,0.455780114,1347.370483,166.1382446,563.0848389,1294.772827,1.65E+03,1935695.875,4233738.5,0.483612865,0.891764224,1534.791748
BU_MACH5_386,0.328039283,3.27E-06,0.257760247,0.042443042,0.190530391,0.564236305,776.6362915,66.98968506,68.00177002,646.0372925,7.79E+02,1823239.5,4812395,0.20471853,0.905206263,454.5513611
BU_MACH5_387,0.447728239,5.73E-06,0.452593011,0.044709748,0.195357394,0.484278451,1222.064697,228.0626678,339.656311,1074.14917,1.01E+03,1951334.75,4722055.5,0.142142862,0.903034925,731.6685791
BU_MACH5_388,0.559225391,3.52E-06,0.877758208,0.040211541,0.150418765,0.498850887,1374.892456,360.1552429,597.1296387,1269.155884,1.26E+03,1953368.375,4605364,0.258867532,0.90039432,904.3840332
BU_MACH5_389,0.583328324,2.42E-06,0.914518375,0.043366801,0.14954496,0.619743583,1376.908813,271.0360413,550.9415894,1114.06897,9.31E+02,1947559.375,5178658,0.39096269,0.906937838,564.9434814
BU_MACH5_390,0.459576208,2.58E-06,0.32993021,0.051040073,0.194763384,0.535615925,1074.095215,128.4610901,216.0498047,824.0004272,9.45E+02,1906537.125,4987996,0.411067575,0.904854119,642.5427856
BU_MACH5_391,0.46014312,9.41E-06,0.763838923,0.059100197,0.139793343,0.534706626,1429.24646,695.151123,744.6866455,1301.344482,1.77E+03,1953384,3.68E+06,1.06E-05,0.890372813,1694.869141
BU_MACH5_392,0.375169677,6.04E-06,0.430619904,0.051008615,0.155838932,0.639734611,1148.439209,143.6465759,204.4945984,805.8272095,9.61E+02,1947912.875,4610967,0.168751448,0.901844442,846.5879517
BU_MACH5_393,0.668332334,9.69E-06,0.368136772,0.040611173,0.144662175,0.458980438,1422.483643,614.9608765,784.737793,1322.146606,1.45E+03,1953384,4393355,0.208456382,0.897473931,1078.894043
BU_MACH5_394,0.546444874,5.32E-06,0.632863613,0.047017577,0.178033061,0.525063631,1356.222168,386.2391357,583.0308228,1213.080811,1.16E+03,1953384,4704832,0.237726524,0.902139723,883.1553345
BU_MACH5_395,0.570323191,3.66E-06,0.940479641,0.067423547,0.17561639,0.673421644,1392.26001,403.9028625,608.4013062,1092.94165,1.24E+03,1953384,4624096.5,0.319856584,0.899973273,1143.599731
BU_MACH5_396,0.650186566,3.04E-06,0.658352892,0.063227773,0.192984995,0.62681521,1383.307495,270.3747559,586.1768188,978.9272461,1.04E+03,1953384,5132158,0.435127586,0.904878736,819.8606567
BU_MACH5_397,0.450463625,4.95E-06,0.551234571,0.061115675,0.142963948,0.601860256,1237.935303,214.7096252,339.9389038,912.3978271,1.46E+03,1953367,4195398,0.246555969,0.894766927,1399.217896
BU_MACH5_398,0.494145573,9.07E-06,0.39688887,0.042949315,0.195751344,0.504662801,1321.925415,433.4164124,545.4838867,1182.196777,9.72E+02,1953384,4818029.5,0.003076019,0.904517531,660.8326416
BU_MACH5_399,0.606815662,5.45E-06,0.53981756,0.061699125,0.155540748,0.582097995,1373.496094,384.2607422,614.9721069,1058.893799,1.44E+03,1953384,4374351,0.329281002,0.896051824,1318.26001
BU_MACH5_400,0.593891391,3.80E-06,0.752789746,0.044529223,0.145524597,0.604796472,1385.460083,326.4981995,601.6113892,1153.859863,1.08E+03,1953384,4948085.5,0.355963856,0.904076159,762.0380249
BU_MACH5_401,0.563105393,1.37E-06,0.676097562,0.067325139,0.187716334,0.697590625,1268.248657,151.4290161,358.3800354,741.7354736,8.81E+02,1933118.375,5287359.5,0.484696209,0.906518877,680.6670532
BU_MACH5_402,0.477441987,7.22E-06,0.697601758,0.054284406,0.176972621,0.652333872,1375.520386,500.3479004,612.6748657,1173.145996,1.08E+03,1953384,4647895,0.056637924,0.902155995,927.5475464
BU_MACH5_403,0.4853893,1.45E-06,0.991504672,0.049448604,0.17086526,0.539843745,1251.634888,177.5562592,339.4610291,986.4793701,1.15E+03,1945847.5,4724027,0.323879272,0.901646435,887.7120361
BU_MACH5_404,0.672397546,5.55E-06,0.49345461,0.063760813,0.143514984,0.453245277,1403.494385,468.5233765,708.8630981,1176.837646,1.83E+03,1953384,3816217.25,0.294028193,0.88990587,1685.522461
BU_MACH5_405,0.538058876,1.42E-06,0.356913346,0.04363738,0.169986516,0.642297555,1246.447998,157.8028259,357.2918091,908.3773193,8.79E+02,1818806.125,5420326.5,0.536289811,0.910175085,327.8445129
BU_MACH5_406,0.519306351,9.92E-06,0.547558873,0.056785274,0.13691894,0.589719047,1410.860352,637.355957,717.8099365,1224.734375,1.58E+03,1953384,4.03E+06,1.25E-05,0.893856823,1448.179443
BU_MACH5_407,0.599600012,3.13E-06,0.30031489,0.044057221,0.173913113,0.471172338,1287.541626,218.5651245,490.0793457,1116.177124,1.15E+03,1927094.625,4989390.5,0.449961841,0.903281808,725.8213501
BU_MACH5_408,0.424019166,1.91E-06,0.476095791,0.060209396,0.165918701,0.489801294,1031.682983,115.2966385,163.7470398,695.1647339,1.56E+03,1926737.75,4177646,0.333607882,0.893935442,1472.154297
BU_MACH5_409,0.612235554,3.91E-06,0.946025379,0.063524208,0.133950284,0.509021485,1429.058594,533.0178223,708.0925293,1190.650513,1.82E+03,1953384,3777776.75,0.23860231,0.890491903,1705.405884
BU_MACH5_410,0.447042232,7.27E-06,0.15276389,0.069459515,0.18677245,0.6923184,1070.454712,109.2363205,169.7730865,698.7883301,8.39E+02,1935587.625,4973825.5,0.381880492,0.904310584,776.3505859
BU_MACH5_411,0.551822578,7.38E-06,0.281733695,0.047293057,0.182349336,0.488218696,1277.680542,272.6712036,477.0847778,1111.595703,1.14E+03,1953109,4773423.5,0.284352034,0.902186751,847.7570801
BU_MACH5_412,0.592776708,7.91E-06,0.519568151,0.053257966,0.195166332,0.645654134,1406.460815,517.4824219,694.7290649,1204.951538,9.08E+02,1953384,5126514,0.276931345,0.907510459,653.6540527
BU_MACH5_413,0.488140556,8.44E-06,0.685535655,0.05735487,0.162819133,0.592911008,1403.981934,615.4881592,691.5523682,1234.887817,1.43E+03,1953384,4.19E+06,1.13E-05,0.896630764,1305.261841
BU_MACH5_414,0.614235273,9.66E-06,0.885511277,0.066304595,0.164169092,0.523034608,1516.72876,900.9143677,962.9500732,1423.991943,1.76E+03,1953384,3.74E+06,8.97E-06,0.890847564,1667.669189
BU_MACH5_415,0.677997424,9.84E-06,0.673275637,0.055308106,0.169594676,0.638730461,1503.267822,794.9758301,928.6248169,1357.802979,1.29E+03,1953384,4612309,0.204927951,0.900743783,1095.470581
